"userId","id","title","completed"
"userId","id","title","completed"
"userId","id","title","completed"
"userId","id","title","completed"
"userId","id","title","completed"
"userId","id","title","completed"
"userId","id","title","completed"
"userId","id","title","completed"
"userId","id","title","completed"
"userId","id","title","completed"
"userId","id","title","completed"
"userId","id","title","completed"
"userId","id","title","completed"
"userId","id","title","completed"
"userId","id","title","completed"
"userId","id","title","completed"
"userId","id","title","completed"
"userId","id","title","completed"
"userId","id","title","completed"
"userId","id","title","completed"
